{
    "timestamp": "2025-07-15T12:02:27.202189",
    "symbols": [
        "IREDA",
        "RPOWER"
    ],
    "portfolio_summary": {
        "shares": [
            22.0,
            22.0
        ],
        "buy_prices": [
            35.0,
            45.0
        ],
        "current_prices": [
            160.19000244140625,
            64.5
        ],
        "weights": [
            0.4375,
            0.5625
        ],
        "total_invested": 1760.0,
        "current_value": 4943.1800537109375,
        "total_pnl": 3183.1800537109375
    },
    "technical_metrics": {
        "annual_return": 0.829298675856001,
        "annual_volatility": 0.4735723684696652,
        "sharpe_ratio": 1.6244585349055867,
        "sortino_ratio": 2.8974932052322955,
        "max_drawdown": -0.3743992198096631,
        "var_95": -0.7039707577465862,
        "var_99": -0.8964100297165021,
        "cvar_95": -0.8504268134299514,
        "cvar_99": -1.0785564639435288,
        "portfolio_beta": 0.8464375,
        "information_ratio": 1.4977619537813793,
        "treynor_ratio": 0.9088664855420524,
        "individual_returns": "IREDA.NS     0.794544\nRPOWER.NS    0.856330\ndtype: float64",
        "individual_volatility": "IREDA.NS     0.603368\nRPOWER.NS    0.580853\ndtype: float64",
        "weights": [
            0.4375,
            0.5625
        ],
        "tickers": [
            "IREDA.NS",
            "RPOWER.NS"
        ],
        "sectors": [
            "Financial Services",
            "Utilities"
        ]
    },
    "fundamental_data": {
        "IREDA": {
            "pe_ratio": NaN,
            "pb_ratio": 3.5041015,
            "ps_ratio": 20.257954,
            "peg_ratio": NaN,
            "roe": 0.18043,
            "roa": 0.02386,
            "profit_margin": 0.72726,
            "debt_to_equity": 647.77,
            "current_ratio": 5.693,
            "quick_ratio": 5.666,
            "revenue_growth": 0.341,
            "earnings_growth": 0.496,
            "dividend_yield": 0,
            "payout_ratio": 0.0
        },
        "RPOWER": {
            "pe_ratio": 9.214286,
            "pb_ratio": 1.5859356,
            "ps_ratio": 3.5065694,
            "peg_ratio": NaN,
            "roe": 0.21090001,
            "roa": 0.01762,
            "profit_margin": 0.38875,
            "debt_to_equity": 92.752,
            "current_ratio": 0.445,
            "quick_ratio": 0.265,
            "revenue_growth": 0.003,
            "earnings_growth": NaN,
            "dividend_yield": 0,
            "payout_ratio": 0.0
        }
    },
    "risk_analysis": {
        "portfolio_volatility": 0.4735723684696652,
        "max_drawdown": -0.3743992198096631,
        "var_95": -0.7039707577465862,
        "cvar_95": -0.8504268134299514,
        "portfolio_beta": 0.8464375,
        "sharpe_ratio": 1.6244585349055867,
        "sortino_ratio": 2.8974932052322955
    },
    "diversification_analysis": "=== DIVERSIFICATION ANALYSIS ===\n\nSector Exposure:\n  Utilities: 56.25%\n  Financial Services: 43.75%\n\nConcentration Metrics:\n  Herfindahl-Hirschman Index: 0.508\n  Diversification Ratio: 1.25\n\n\u26a0\ufe0f  HIGH CONCENTRATION RISK:\n   - Financial Services: 43.75%\n   - Utilities: 56.25%\n\n\ud83d\udca1 RECOMMENDATION: Consider adding stocks from more sectors",
    "valuation_analysis": "=== VALUATION ANALYSIS ===\n\n\ud83d\udcca INDIAN RENEWABLE ENERGY (IREDA):\n   P/E: N/A\n   P/B: 3.50 - \ud83d\udd34 EXPENSIVE\n   ROE: 18.04% - \ud83d\udfe2 EXCELLENT\n   Debt/Equity: 647.77 - \ud83d\udd34 HIGH DEBT\n\n\ud83d\udcca RELIANCE POWER LTD. (RPOWER):\n   P/E: 9.21 - \ud83d\udfe2 UNDERVALUED\n   P/B: 1.59 - \ud83d\udfe1 REASONABLE\n   ROE: 21.09% - \ud83d\udfe2 EXCELLENT\n   Debt/Equity: 92.75 - \ud83d\udd34 HIGH DEBT\n",
    "correlation_analysis": "=== CORRELATION ANALYSIS ===\n\nAverage Pairwise Correlation: 0.277\n\ud83d\udfe2 LOW CORRELATION - Good diversification benefit",
    "correlation_matrix": {
        "IREDA": {
            "IREDA": 1.0,
            "RPOWER": 0.277319530642744
        },
        "RPOWER": {
            "IREDA": 0.277319530642744,
            "RPOWER": 1.0
        }
    },
    "recommendations": [
        "HIGH VOLATILITY: Add defensive stocks or bonds to reduce portfolio risk",
        "HIGH DRAWDOWN RISK: Implement stop-loss strategies or diversify further",
        "LIMITED DIVERSIFICATION: Consider adding stocks from more sectors",
        "SECTOR CONCENTRATION: Reduce exposure to Financial Services, Utilities"
    ]
}